{"data":{"plan":{"itineraries":[{"legs":[{"startTime":1725974411000,"endTime":1725974640000,"mode":"WALK","duration":229.0,"realTime":false,"distance":246.72400000000002,"transitLeg":false},{"startTime":1725974640000,"endTime":1725976440000,"mode":"BUS","duration":1800.0,"realTime":false,"distance":15717.175308094806,"transitLeg":true},{"startTime":1725976440000,"endTime":1725976697000,"mode":"WALK","duration":257.0,"realTime":false,"distance":315.98900000000003,"transitLeg":false}]}]}}}